1612180800000,34183.33000000,34460.00000000,34178.09000000,34307.26000000,1691.94732600,1612181699999,58015618.05916655,28944,852.00832600,29216122.63347008,0
1612181700000,34307.12000000,34328.43000000,33943.70000000,34032.27000000,1168.50962600,1612182599999,39933007.81326941,19414,554.16621200,18945896.21526248,0
1612182600000,34033.98000000,34118.45000000,33830.00000000,33919.95000000,1209.46375000,1612183499999,41124457.58067227,16445,565.99282300,19240228.08231925,0
1612183500000,33919.95000000,33924.39000000,33590.00000000,33770.23000000,1691.16823800,1612184399999,57094626.66945149,29834,870.08121500,29372078.88074392,0
1612184400000,33770.23000000,34050.00000000,33726.95000000,33983.32000000,965.75344000,1612185299999,32671219.44939263,23351,518.65334000,17549470.94254139,0
1612185300000,33983.32000000,33983.32000000,33775.40000000,33814.03000000,910.61193200,1612186199999,30830300.48958964,23565,469.11156900,15883098.36872419,0
1612186200000,33814.03000000,33970.00000000,33807.48000000,33930.90000000,1653.91863700,1612187099999,56055004.55109721,25315,920.66466900,31199993.67412362,0
1612187100000,33929.80000000,33981.77000000,33655.00000000,33702.25000000,1318.65034700,1612187999999,44586218.90160675,23248,593.11231800,20052580.76882297,0
1612188000000,33702.25000000,33866.38000000,33400.00000000,33435.09000000,2008.78478500,1612188899999,67495959.65102873,29129,821.05625300,27607293.77965289,0
1612188900000,33442.17000000,33734.73000000,33400.00000000,33711.19000000,966.36279000,1612189799999,32426017.74113112,17552,548.54314100,18409693.92595427,0
1612189800000,33711.19000000,33866.49000000,33682.45000000,33720.03000000,690.70899500,1612190699999,23326202.06594245,13303,354.21692100,11965188.84243644,0
1612190700000,33722.27000000,33764.71000000,33517.97000000,33532.81000000,481.64012800,1612191599999,16189788.90508447,10551,232.51205100,7817095.53708901,0
1612191600000,33535.51000000,33629.30000000,33350.00000000,33466.83000000,763.26875100,1612192499999,25548896.53137453,15045,344.25774600,11525725.07709536,0
1612192500000,33466.84000000,33600.61000000,33415.38000000,33541.76000000,457.20720900,1612193399999,15320545.20524921,12131,221.25438300,7414178.29008610,0
1612193400000,33541.76000000,33621.88000000,33507.27000000,33575.54000000,491.94103400,1612194299999,16514804.02364422,12484,201.90685400,6778260.50749766,0
1612194300000,33575.53000000,33638.99000000,33160.00000000,33160.17000000,1008.76960900,1612195199999,33618178.05036066,21251,385.93466900,12866035.62585979,0
1612195200000,33160.00000000,33394.66000000,33133.26000000,33336.43000000,737.99434700,1612196099999,24544265.13801264,15610,373.81369100,12434964.78956998,0
1612196100000,33336.43000000,33432.89000000,33282.21000000,33388.36000000,405.89017800,1612196999999,13544176.87495248,10250,177.61032800,5926563.32284166,0
1612197000000,33388.36000000,33551.73000000,33255.92000000,33496.85000000,587.38638000,1612197899999,19608325.50636439,12514,297.35227200,9930091.09013240,0
1612197900000,33498.55000000,33603.91000000,33430.61000000,33460.83000000,688.60187500,1612198799999,23065207.06836893,11935,284.63136900,9535241.54876481,0
1612198800000,33460.83000000,33557.14000000,33380.00000000,33494.27000000,572.66238600,1612199699999,19153379.26609871,15050,221.33473000,7401978.08851935,0
1612199700000,33494.27000000,33570.00000000,33443.03000000,33563.24000000,482.72549300,1612200599999,16176759.98923404,14721,215.88388400,7234249.08187672,0
1612200600000,33563.24000000,33699.99000000,33558.00000000,33618.66000000,623.16339300,1612201499999,20953753.62667177,16995,268.96938300,9043315.47804890,0
1612201500000,33618.85000000,34100.00000000,33618.85000000,33978.31000000,1360.11741300,1612202399999,46068811.09010817,29537,749.28982200,25383715.21525654,0
1612202400000,33979.94000000,34032.93000000,33826.02000000,33826.80000000,555.11062200,1612203299999,18822255.40863746,15125,230.42834000,7812683.09382472,0
1612203300000,33826.79000000,33891.17000000,33772.31000000,33850.01000000,421.30600100,1612204199999,14250239.06673895,11889,199.07438000,6733445.82859110,0
1612204200000,33850.01000000,33853.08000000,33739.40000000,33800.01000000,416.81203900,1612205099999,14092046.77084196,11817,187.80592200,6349806.90389326,0
1612205100000,33800.01000000,33946.20000000,33655.01000000,33731.52000000,479.40199400,1612205999999,16201889.22300995,14229,225.85718100,7633258.68286291,0
1612206000000,33739.52000000,33965.72000000,33700.30000000,33827.00000000,407.38670800,1612206899999,13785715.26341885,9244,200.32944000,6777743.43770112,0
1612206900000,33828.57000000,33882.02000000,33780.43000000,33853.46000000,374.94396300,1612207799999,12684021.89597880,8305,199.55358400,6750914.17386922,0
1612207800000,33851.94000000,34072.54000000,33845.57000000,33915.38000000,620.99642200,1612208699999,21098787.53951894,12768,353.04316100,11995175.92740029,0
1612208700000,33915.38000000,34022.90000000,33821.98000000,33838.13000000,399.02016000,1612209599999,13535225.17587896,9937,202.49604400,6868752.91676561,0
1612209600000,33838.13000000,34039.00000000,33821.99000000,33944.31000000,447.93986100,1612210499999,15203629.68027050,10075,257.26615700,8730466.62773459,0
1612210500000,33944.31000000,34033.08000000,33880.00000000,33880.21000000,399.00281500,1612211399999,13551491.26567259,8807,219.51071900,7453576.56526975,0
1612211400000,33880.21000000,33908.30000000,33763.28000000,33811.47000000,481.59768200,1612212299999,16296589.13735219,8497,306.94843300,10387221.29314030,0
1612212300000,33811.47000000,33900.00000000,33722.04000000,33831.55000000,390.39087700,1612213199999,13202548.43423107,8888,203.02174600,6867150.47443735,0
1612213200000,33831.54000000,33833.03000000,33689.66000000,33814.19000000,393.58268000,1612214099999,13289702.81735228,9551,210.97375800,7123598.30722363,0
1612214100000,33816.72000000,33848.95000000,33760.32000000,33820.00000000,307.86617600,1612214999999,10408903.47655558,6826,159.43471300,5390528.74868088,0
1612215000000,33819.99000000,33820.03000000,33549.00000000,33638.41000000,427.08156800,1612215899999,14367794.99372618,9879,172.92847400,5818774.96349769,0
1612215900000,33638.42000000,33723.07000000,33610.00000000,33658.67000000,322.48584300,1612216799999,10856203.25119317,6662,173.83734300,5851429.89076682,0
1612216800000,33661.79000000,33744.12000000,33511.00000000,33726.27000000,512.47967200,1612217699999,17248738.48435350,10124,244.40988800,8228230.90737999,0
1612217700000,33725.74000000,33789.73000000,33643.38000000,33693.50000000,399.03604400,1612218599999,13453855.59211019,10743,153.84868600,5185902.55181418,0
1612218600000,33693.51000000,33696.70000000,33540.02000000,33583.05000000,258.51153200,1612219499999,8690520.23538316,8854,104.57484800,3515801.63600556,0
1612219500000,33583.59000000,33636.19000000,33511.53000000,33539.39000000,368.12537700,1612220399999,12357233.74481856,7631,144.67253200,4857052.14820840,0
1612220400000,33542.12000000,33749.99000000,33482.07000000,33690.93000000,523.41182300,1612221299999,17601878.98574958,9828,263.71612800,8868545.18617475,0
1612221300000,33692.30000000,33768.00000000,33626.70000000,33663.27000000,313.13158100,1612222199999,10546000.80440647,6472,181.01937600,6096400.83707742,0
1612222200000,33663.27000000,33665.41000000,33441.22000000,33450.01000000,482.49597500,1612223099999,16181544.77750146,9547,211.91333600,7105400.74149850,0
1612223100000,33450.00000000,33594.57000000,33430.76000000,33526.37000000,532.54200400,1612223999999,17846226.35840701,10395,265.80258900,8908860.25443277,0
1612224000000,33517.09000000,33900.00000000,33418.00000000,33880.65000000,1206.46154200,1612224899999,40599381.70206013,17481,615.11797100,20702098.99824855,0
1612224900000,33877.89000000,34161.39000000,33866.85000000,33986.96000000,1222.71024700,1612225799999,41621329.66715153,24445,749.44976200,25510621.60660411,0
1612225800000,33981.99000000,34052.39000000,33826.73000000,33849.46000000,560.81565100,1612226699999,19028305.90885129,12205,272.34450800,9241273.46245915,0
1612226700000,33849.46000000,33887.99000000,33734.03000000,33763.07000000,428.19149300,1612227599999,14480689.05307935,9838,197.09808300,6665680.99915431,0
1612227600000,33763.06000000,33769.22000000,33607.82000000,33664.33000000,481.90417500,1612228499999,16226907.99275154,13770,224.48011700,7559186.50716576,0
1612228500000,33664.33000000,33681.15000000,33572.00000000,33591.94000000,337.36352900,1612229399999,11343289.39222145,10957,153.28098400,5153869.62260039,0
1612229400000,33591.94000000,33722.21000000,33527.17000000,33573.55000000,542.43366800,1612230299999,18244463.54533024,13493,237.95072000,8003770.48099957,0
1612230300000,33574.04000000,33800.96000000,33509.00000000,33744.71000000,505.05208400,1612231199999,16978000.80043449,14732,265.61858900,8929401.65049423,0
1612231200000,33742.99000000,33848.94000000,33634.22000000,33660.92000000,474.40816800,1612232099999,15995759.96735299,13374,233.99089200,7888446.38383840,0
1612232100000,33660.92000000,33711.18000000,33617.51000000,33635.42000000,363.31750500,1612232999999,12227756.04777705,10881,164.20466300,5526771.24605298,0
1612233000000,33636.10000000,33783.98000000,33623.18000000,33695.83000000,552.71752200,1612233899999,18633329.35953304,13761,250.54438800,8446941.14239078,0
1612233900000,33695.60000000,33876.73000000,33555.49000000,33646.00000000,689.27405500,1612234799999,23197761.46175860,18168,383.40777400,12903256.88994229,0
1612234800000,33646.00000000,33665.81000000,33501.25000000,33639.40000000,543.49186800,1612235699999,18256960.82700096,13380,239.36751900,8040391.17671410,0
1612235700000,33635.98000000,33695.26000000,33600.00000000,33646.07000000,369.51198900,1612236599999,12433044.92206605,11090,146.12356700,4916843.95479716,0
1612236600000,33646.06000000,33700.00000000,33579.56000000,33661.08000000,355.12889400,1612237499999,11950992.11085017,10033,154.87449400,5212005.38010461,0
1612237500000,33661.08000000,33684.96000000,33522.71000000,33550.32000000,471.16083500,1612238399999,15822812.19239232,11640,222.54189200,7473860.86911551,0
1612238400000,33554.08000000,33622.86000000,33500.00000000,33604.94000000,442.41340300,1612239299999,14847224.14222579,8894,173.01554000,5806970.21436924,0
1612239300000,33604.75000000,33903.35000000,33597.08000000,33873.41000000,847.61916700,1612240199999,28644250.71843570,14058,442.85896600,14962101.43549949,0
1612240200000,33873.40000000,33963.29000000,33840.25000000,33847.87000000,482.19398000,1612241099999,16351686.23081167,12147,249.05334800,8445673.81395171,0
1612241100000,33847.87000000,33917.37000000,33812.65000000,33876.37000000,354.06088500,1612241999999,11992558.84688163,8261,141.49749000,4792831.63640630,0
1612242000000,33876.36000000,33920.00000000,33815.50000000,33844.25000000,288.03755300,1612242899999,9753602.55357754,11755,148.70319700,5035733.33096338,0
1612242900000,33844.24000000,33945.00000000,33770.00000000,33829.50000000,409.32733300,1612243799999,13857010.46605621,14061,181.93431200,6160683.54187847,0
1612243800000,33829.00000000,33947.36000000,33807.74000000,33947.26000000,441.14009500,1612244699999,14945623.13146749,13916,202.46279600,6860095.82320541,0
1612244700000,33947.97000000,34100.00000000,33883.65000000,33992.83000000,925.49542800,1612245599999,31482211.90375771,20285,518.54942800,17638665.26353498,0
1612245600000,33992.83000000,34050.57000000,33928.58000000,33976.98000000,575.56902100,1612246499999,19556438.15610785,17895,294.48728900,10006743.38509591,0
1612246500000,33976.97000000,34074.11000000,33940.40000000,33984.11000000,421.12442300,1612247399999,14318890.43908480,16890,184.50769200,6273579.89952355,0
1612247400000,33986.99000000,34200.00000000,33924.73000000,34178.21000000,1061.62177900,1612248299999,36185356.62841612,22777,744.40954600,25376974.98778641,0
1612248300000,34178.21000000,34321.61000000,34072.36000000,34295.01000000,1068.74801900,1612249199999,36579722.23922163,25412,640.83991000,21936062.44667150,0
1612249200000,34295.01000000,34400.00000000,34180.93000000,34192.29000000,947.54250200,1612250099999,32519349.23494080,20089,462.61554700,15876965.16756490,0
1612250100000,34192.28000000,34221.26000000,34136.55000000,34168.73000000,760.22144900,1612250999999,25983740.11800422,14512,299.90678400,10250684.71597372,0
1612251000000,34168.73000000,34380.65000000,34136.02000000,34301.75000000,794.09103600,1612251899999,27213300.08296452,16101,340.68731700,11672258.74985994,0
1612251900000,34303.83000000,34350.00000000,34200.00000000,34223.38000000,610.17992400,1612252799999,20914344.14407404,15325,257.07820000,8812751.22245005,0
1612252800000,34223.38000000,34491.91000000,34216.02000000,34417.62000000,1086.66578700,1612253699999,37373800.67391783,19775,579.55971900,19933112.21003433,0
1612253700000,34418.14000000,34453.42000000,34231.76000000,34270.00000000,646.59700600,1612254599999,22206786.38836863,14633,283.66549300,9742730.42746905,0
1612254600000,34269.99000000,34315.77000000,34080.00000000,34222.31000000,817.36683100,1612255499999,27940877.92909342,17787,439.79497800,15037550.37795668,0
1612255500000,34223.23000000,34683.63000000,34191.49000000,34663.87000000,2406.59460900,1612256399999,82875769.02523519,31952,1269.88594200,43745301.67559030,0
1612256400000,34663.87000000,35469.38000000,34663.87000000,35312.54000000,4131.15379900,1612257299999,145184030.84120326,72106,2360.81627900,82937552.56609179,0
1612257300000,35312.60000000,35668.10000000,35147.05000000,35249.99000000,2541.92647100,1612258199999,90045892.09605831,42441,1195.53084300,42356619.05322538,0
1612258200000,35247.44000000,35497.68000000,35160.00000000,35297.46000000,1209.69636500,1612259099999,42706272.20690685,24305,669.36523600,23632313.79125186,0
1612259100000,35299.15000000,35391.63000000,35178.02000000,35334.04000000,934.26806400,1612259999999,32978935.91207589,19512,489.90051500,17293814.22725758,0
1612260000000,35334.03000000,35434.70000000,35166.00000000,35166.01000000,979.91671700,1612260899999,34613006.16536196,19060,442.66181500,15638192.21825885,0
1612260900000,35166.01000000,35296.14000000,34910.48000000,35244.25000000,1350.69437700,1612261799999,47460101.24384342,26725,686.92631600,24144014.53962165,0
1612261800000,35244.26000000,35350.00000000,35146.03000000,35147.57000000,791.51334000,1612262699999,27896902.26194576,17317,411.64144200,14509033.04824054,0
1612262700000,35147.57000000,35189.26000000,35033.00000000,35160.24000000,787.92939800,1612263599999,27668703.59444756,18834,428.41342100,15045066.94568208,0
1612263600000,35160.24000000,35284.49000000,35109.58000000,35240.45000000,933.74318300,1612264499999,32866969.20151716,19217,525.75332400,18507007.87504084,0
1612264500000,35240.46000000,35266.66000000,34866.00000000,34892.97000000,1002.34099600,1612265399999,35159451.62058629,21828,443.04666000,15542777.43235192,0
1612265400000,34892.96000000,35042.51000000,34818.00000000,34920.00000000,1048.40087300,1612266299999,36618911.87205065,20832,548.26866200,19151680.78927743,0
1612266300000,34919.99000000,34947.00000000,34601.00000000,34720.15000000,1399.85093200,1612267199999,48710828.55976127,22228,805.42481400,28036047.81076473,0
1612267200000,34722.97000000,34918.03000000,34524.20000000,34868.70000000,1179.07712300,1612268099999,40931918.85114489,22339,675.43001600,23455075.96439529,0
1612268100000,34868.68000000,35000.00000000,34822.89000000,34908.31000000,664.38135300,1612268999999,23191727.27382250,14015,366.16919200,12781392.44367985,0
1612269000000,34908.32000000,34946.30000000,34805.00000000,34893.21000000,510.43415800,1612269899999,17805351.03792950,11411,245.91281800,8577732.93999733,0
1612269900000,34893.21000000,34929.00000000,34695.00000000,34779.91000000,530.06235300,1612270799999,18448729.52501418,13268,240.02745700,8353641.45361142,0
1612270800000,34779.90000000,34949.07000000,34745.13000000,34943.56000000,551.59579000,1612271699999,19227016.00313308,13166,303.75971300,10586523.40668358,0
1612271700000,34943.60000000,35200.00000000,34943.60000000,34967.83000000,1151.29910300,1612272599999,40398189.16041638,24605,599.04039800,21017344.79314646,0
1612272600000,34967.83000000,34967.83000000,34800.00000000,34826.69000000,771.79254000,1612273499999,26910604.32074142,16772,391.55622000,13652533.96573859,0
1612273500000,34826.68000000,34857.06000000,34731.70000000,34844.73000000,611.63690100,1612274399999,21295000.70275992,14169,269.19146700,9373020.61553960,0
1612274400000,34844.06000000,34932.50000000,34769.37000000,34798.96000000,545.33306800,1612275299999,19000768.62289143,14587,249.76214700,8702715.46129133,0
1612275300000,34798.95000000,34855.22000000,34507.00000000,34581.21000000,1100.78785100,1612276199999,38139028.52810941,24523,443.86284300,15379412.48080905,0
1612276200000,34579.47000000,34790.17000000,34333.00000000,34737.12000000,1063.68087100,1612277099999,36798859.31185476,23080,463.37989700,16035019.57177224,0
1612277100000,34737.13000000,34838.18000000,34695.20000000,34793.99000000,615.75390500,1612277999999,21412143.88241534,15575,307.97548000,10709124.67785282,0
1612278000000,34795.72000000,34852.28000000,34623.00000000,34836.62000000,624.43354900,1612278899999,21705707.66527539,16861,271.70872700,9444813.82380479,0
1612278900000,34836.62000000,35151.00000000,34732.66000000,34750.01000000,1261.05009400,1612279799999,44137042.13177019,33926,671.62479900,23512290.46422477,0
1612279800000,34750.10000000,34750.10000000,34548.26000000,34657.98000000,869.33943400,1612280699999,30122935.48667714,22014,429.68799000,14890068.00794032,0
1612280700000,34657.97000000,34710.94000000,34571.46000000,34708.47000000,658.77641400,1612281599999,22831726.20455253,18624,300.82335200,10426178.76309339,0
1612281600000,34708.47000000,34850.00000000,34556.85000000,34749.99000000,988.12358900,1612282499999,34307824.08964993,25666,482.19100100,16745057.44060253,0
1612282500000,34750.00000000,34890.31000000,34572.00000000,34872.51000000,874.29520200,1612283399999,30328576.29967389,21606,431.61463000,14974401.79929350,0
1612283400000,34872.21000000,35175.31000000,34872.21000000,35015.41000000,1503.11999800,1612284299999,52638350.38393367,35219,780.78731100,27346766.09320469,0
1612284300000,35016.80000000,35070.90000000,34847.40000000,34964.52000000,978.80481600,1612285199999,34255074.08879583,25107,408.34986400,14291218.28292805,0
1612285200000,34964.52000000,35021.85000000,34833.33000000,34876.64000000,676.53022500,1612286099999,23613010.96973851,19590,350.17589700,12222916.93283106,0
1612286100000,34876.63000000,34923.51000000,34756.00000000,34857.84000000,527.29641800,1612286999999,18379429.87123080,14707,245.76112300,8566651.82165646,0
1612287000000,34857.83000000,34920.00000000,34793.15000000,34832.69000000,568.55474300,1612287899999,19819578.78778836,14285,281.23318400,9803592.66468310,0
1612287900000,34832.69000000,34899.00000000,34738.00000000,34851.47000000,490.24186900,1612288799999,17066977.57786689,14700,202.23305500,7041048.83084792,0
1612288800000,34851.47000000,34949.99000000,34790.00000000,34869.93000000,446.05805600,1612289699999,15557300.00624876,14511,204.57617200,7135139.32396105,0
1612289700000,34869.93000000,34937.81000000,34797.45000000,34853.31000000,426.78824100,1612290599999,14875200.01844585,12644,187.92464800,6549660.91809864,0
1612290600000,34851.56000000,35046.58000000,34841.80000000,34991.77000000,679.20322700,1612291499999,23765827.97036581,16331,374.11750200,13090382.13553031,0
1612291500000,34991.78000000,35308.23000000,34990.77000000,35264.21000000,1191.21284000,1612292399999,41948076.39458985,23168,690.20401900,24305138.73553637,0
1612292400000,35264.66000000,35518.95000000,35090.91000000,35264.60000000,1354.20946400,1612293299999,47859225.01961074,29240,728.08760100,25745033.85416971,0
1612293300000,35269.51000000,35529.45000000,35215.81000000,35418.89000000,786.77348600,1612294199999,27840361.45552126,19035,426.45972600,15094496.27487278,0
1612294200000,35418.89000000,35530.00000000,35350.18000000,35408.13000000,679.73490300,1612295099999,24092327.69416083,16580,301.79511300,10697384.52651680,0
1612295100000,35411.03000000,35800.00000000,35411.03000000,35762.03000000,1290.72456500,1612295999999,45989227.95674322,28202,707.32456400,25199017.55384232,0
1612296000000,35762.05000000,35984.33000000,35700.93000000,35818.57000000,1762.79022900,1612296899999,63237647.19528062,34331,890.10618800,31932779.73146808,0
1612296900000,35818.57000000,35824.99000000,35552.33000000,35635.76000000,863.17218100,1612297799999,30804890.63234374,20534,364.77361100,13018795.11012207,0
1612297800000,35640.09000000,35640.82000000,35525.10000000,35584.46000000,595.38802700,1612298699999,21188533.24232843,16401,303.88242600,10814752.92124173,0
1612298700000,35584.46000000,35831.34000000,35570.44000000,35786.51000000,803.38957100,1612299599999,28672329.05767392,21695,441.53138300,15758524.10312656,0
1612299600000,35788.30000000,35875.53000000,35598.00000000,35654.24000000,857.65373400,1612300499999,30653076.34235590,21803,332.03521600,11869216.75283826,0
1612300500000,35654.23000000,35684.94000000,35558.90000000,35645.99000000,552.39063700,1612301399999,19677700.75129565,14713,235.55550200,8391735.41212958,0
1612301400000,35645.99000000,35879.28000000,35644.88000000,35812.10000000,569.77347800,1612302299999,20385433.22203633,15098,284.67611000,10185461.59998720,0
1612302300000,35812.10000000,35896.49000000,35636.36000000,35653.07000000,744.05981500,1612303199999,26630571.90344067,16804,331.28662100,11857642.24186898,0
1612303200000,35653.03000000,35699.79000000,35584.33000000,35618.56000000,462.94274900,1612304099999,16502586.22645523,15710,201.33125900,7177773.21748280,0
1612304100000,35619.22000000,35812.49000000,35583.29000000,35767.46000000,354.85922400,1612304999999,12672603.38415451,16075,174.92047700,6247982.25387564,0
1612305000000,35767.45000000,35774.63000000,35530.00000000,35560.01000000,433.51647000,1612305899999,15448127.23914778,16317,183.75924500,6548831.11217905,0
1612305900000,35560.01000000,35750.00000000,35560.00000000,35572.36000000,337.00747300,1612306799999,12015426.24188764,12722,163.19301500,5819114.94439409,0
1612306800000,35576.49000000,35699.38000000,35477.77000000,35527.37000000,431.41308900,1612307699999,15352315.53705448,14061,183.58521400,6533268.28364298,0
1612307700000,35527.37000000,35657.69000000,35523.84000000,35638.05000000,448.97983300,1612308599999,15980380.30850176,14059,228.93763200,8148356.56444006,0
1612308600000,35638.06000000,35668.13000000,35476.81000000,35650.52000000,475.46287600,1612309499999,16913955.85445132,15016,233.01481700,8290544.84807153,0
1612309500000,35650.53000000,35656.31000000,35466.00000000,35466.24000000,590.76637500,1612310399999,20999868.30731590,14629,257.56772000,9155378.52434299,0
1612310400000,35472.71000000,35627.00000000,35362.38000000,35565.52000000,792.06994000,1612311299999,28113899.81853501,17513,367.44125700,13046905.63184997,0
1612311300000,35568.43000000,36215.28000000,35556.86000000,36215.14000000,1718.77005000,1612312199999,61811813.59545576,33600,1029.72553800,37037505.86341515,0
1612312200000,36215.27000000,36234.38000000,36055.01000000,36208.11000000,869.06895500,1612313099999,31413225.68565022,18390,397.85441400,14380920.37457438,0
1612313100000,36208.12000000,36240.00000000,36084.33000000,36135.01000000,880.51616100,1612313999999,31846595.34165334,16740,408.07160400,14761705.94721402,0
1612314000000,36139.74000000,36349.64000000,36105.00000000,36128.10000000,982.74089200,1612314899999,35603258.41058631,19024,482.16082600,17468493.50503959,0
1612314900000,36129.44000000,36205.00000000,35957.78000000,35974.03000000,954.75338400,1612315799999,34461723.14607142,17498,389.51744600,14059289.15364589,0
1612315800000,35974.02000000,35994.49000000,35850.00000000,35951.78000000,790.15400600,1612316699999,28400052.67101625,16132,385.33525700,13850379.54438772,0
1612316700000,35951.78000000,36000.00000000,35843.21000000,35879.27000000,736.75090100,1612317599999,26451928.45989207,14311,396.06759300,14219911.96414985,0
1612317600000,35879.26000000,35945.88000000,35816.74000000,35904.00000000,776.48437700,1612318499999,27865941.23862948,14369,392.37184400,14080524.46361025,0
1612318500000,35907.87000000,36005.03000000,35872.98000000,35909.40000000,624.34930800,1612319399999,22430912.55326191,11543,284.93007400,10236427.65517552,0
1612319400000,35909.40000000,35998.22000000,35840.00000000,35973.00000000,708.83005000,1612320299999,25459172.32800382,12397,311.60525800,11191728.63968684,0
1612320300000,35975.02000000,36125.93000000,35878.59000000,35889.37000000,718.82153300,1612321199999,25865469.69164525,15712,335.54223500,12074894.50186043,0
1612321200000,35889.37000000,36089.89000000,35878.11000000,36084.71000000,628.41724200,1612322099999,22608958.08125597,12600,304.63439600,10961395.09019074,0
1612322100000,36084.70000000,36199.00000000,36060.60000000,36159.28000000,739.86346400,1612322999999,26728658.30978490,12194,300.99398100,10874509.26794466,0
1612323000000,36159.28000000,36200.00000000,36051.12000000,36193.28000000,556.24117900,1612323899999,20085540.67220193,10218,277.81794400,10031759.71693496,0
1612323900000,36193.28000000,36500.00000000,36188.00000000,36403.47000000,1081.51565100,1612324799999,39322034.24595109,20247,549.10118900,19970043.45551480,0
1612324800000,36403.47000000,36838.00000000,36403.47000000,36741.63000000,2042.79328400,1612325699999,74912839.42955445,38467,1162.22103200,42607207.26166608,0
1612325700000,36741.63000000,36810.00000000,36577.48000000,36686.40000000,760.83889800,1612326599999,27938555.61410097,22564,364.50062100,13386984.05417122,0
1612326600000,36686.41000000,36845.00000000,36487.86000000,36618.61000000,1002.38988900,1612327499999,36728696.23194846,28314,523.19643800,19169924.53430553,0
1612327500000,36618.60000000,36714.11000000,36491.86000000,36628.85000000,682.03244700,1612328399999,24965171.22857059,18876,350.86490800,12844585.27530708,0
1612328400000,36628.86000000,36690.14000000,36528.57000000,36550.00000000,595.07800500,1612329299999,21769504.23366081,14618,271.57358700,9935135.58565587,0
1612329300000,36550.00000000,36550.01000000,36412.00000000,36469.94000000,531.94915100,1612330199999,19410092.46156228,16585,254.64519700,9290889.58636711,0
1612330200000,36469.94000000,36522.86000000,36406.03000000,36417.37000000,594.66603000,1612331099999,21677597.91119301,16205,350.81744500,12789339.81041499,0
1612331100000,36417.37000000,36492.59000000,36377.10000000,36460.12000000,467.07339400,1612331999999,17013035.56733450,14866,262.76925000,9571365.06339106,0
1612332000000,36462.63000000,36674.45000000,36437.37000000,36590.78000000,658.21926300,1612332899999,24073339.57961953,14468,383.49700700,14025184.92175462,0
1612332900000,36590.78000000,36687.89000000,36534.65000000,36580.00000000,420.62191200,1612333799999,15394047.73185553,12085,229.95409300,8415509.65557501,0
1612333800000,36580.00000000,36789.00000000,36540.00000000,36690.74000000,763.84136000,1612334699999,28023086.05715178,14902,453.10280200,16622831.14784683,0
1612334700000,36690.74000000,36738.85000000,36435.96000000,36535.90000000,575.08814900,1612335599999,21045336.91799722,13644,279.94477900,10246119.08680436,0
1612335600000,36533.94000000,36590.08000000,36450.01000000,36489.55000000,683.82985500,1612336499999,24968669.00019346,12736,306.05698100,11173884.44864751,0
1612336500000,36489.55000000,36550.00000000,36384.67000000,36512.08000000,689.49796700,1612337399999,25154967.21381031,12760,327.53074300,11949502.54697179,0
1612337400000,36511.40000000,36520.00000000,36385.82000000,36430.83000000,481.49448400,1612338299999,17551305.35831868,10857,219.35756600,7996974.31163947,0
1612338300000,36430.84000000,36430.84000000,36231.66000000,36297.57000000,972.46176100,1612339199999,35321951.84010130,16852,424.05689500,15403788.15370122,0
1612339200000,36297.58000000,36299.98000000,35889.29000000,35922.02000000,1656.95683800,1612340099999,59750006.53187472,29089,680.14483500,24521321.18558649,0
1612340100000,35922.02000000,36061.53000000,35904.01000000,36027.89000000,799.40496400,1612340999999,28783698.14544823,16424,452.47974700,16292626.88032283,0
1612341000000,36027.88000000,36048.82000000,35640.93000000,36036.93000000,1112.74613800,1612341899999,39911466.93872057,23449,510.86545700,18326259.49329219,0
1612341900000,36036.92000000,36127.37000000,35944.00000000,36010.09000000,845.81304600,1612342799999,30486217.06924740,13919,395.61267700,14256936.62643004,0
1612342800000,36011.01000000,36036.00000000,35615.78000000,35641.95000000,1212.64117800,1612343699999,43397045.06501352,20586,697.26345400,24945836.81333480,0
1612343700000,35641.95000000,35830.19000000,35511.00000000,35806.45000000,1254.19443000,1612344599999,44743913.57959555,24232,663.64005300,23682808.10139312,0
1612344600000,35806.44000000,35921.89000000,35742.68000000,35820.01000000,572.67465900,1612345499999,20537454.95312752,13459,307.67732900,11035243.50212162,0
1612345500000,35820.47000000,35998.99000000,35736.74000000,35851.19000000,595.24157500,1612346399999,21342882.59181506,14448,295.03448500,10579720.76226849,0
1612346400000,35851.19000000,35874.19000000,35657.69000000,35744.29000000,580.42503600,1612347299999,20747010.23063578,15207,270.42483800,9667042.70517081,0
1612347300000,35744.29000000,35899.00000000,35725.30000000,35867.40000000,661.36709400,1612348199999,23699717.99882642,13452,423.63081300,15180124.62480234,0
1612348200000,35867.40000000,35928.33000000,35804.20000000,35867.87000000,425.96411300,1612349099999,15271134.94878682,10430,238.30054500,8543180.07566729,0
1612349100000,35867.86000000,36040.00000000,35867.86000000,35985.27000000,603.25214700,1612349999999,21682399.30262875,15017,317.65596500,11418821.49953621,0
1612350000000,35985.27000000,36141.92000000,35936.78000000,36008.25000000,814.04619400,1612350899999,29358104.27650894,18377,377.13341100,13601651.18521867,0
1612350900000,36008.25000000,36107.11000000,35984.35000000,36036.02000000,564.54535600,1612351799999,20347491.65590622,13457,252.50743800,9100716.78536050,0
1612351800000,36036.02000000,36238.38000000,36010.80000000,36142.25000000,607.85503200,1612352699999,21963493.93093240,13827,291.42489100,10529692.69062002,0
1612352700000,36144.61000000,36192.77000000,35855.31000000,35969.41000000,716.08134700,1612353599999,25786581.49614983,17297,313.26535500,11280115.67587961,0
1612353600000,35969.41000000,36322.96000000,35810.90000000,36312.64000000,892.04532800,1612354499999,32144992.13240363,22494,464.22509600,16730464.31913760,0
1612354500000,36311.08000000,36319.93000000,36160.00000000,36160.01000000,671.48027700,1612355399999,24332739.62791893,17561,298.12530400,10803133.11095922,0
1612355400000,36160.01000000,36285.71000000,36018.18000000,36201.57000000,695.37919200,1612356299999,25169077.02619908,19144,349.48636400,12650866.80310426,0
1612356300000,36200.74000000,36239.88000000,36114.93000000,36178.86000000,673.38692700,1612357199999,24350975.28759325,16469,351.09454300,12696481.27655032,0
1612357200000,36179.62000000,36411.88000000,35944.51000000,36308.61000000,1226.99876400,1612358099999,44380009.11101776,29444,606.80859200,21953869.45687599,0
1612358100000,36308.61000000,36720.56000000,36265.98000000,36624.14000000,1405.92678100,1612358999999,51404394.92290944,33533,666.27766900,24362126.05164641,0
1612359000000,36624.13000000,36704.21000000,36500.00000000,36628.14000000,956.13885900,1612359899999,34976136.34623903,22737,425.07529700,15549881.80364627,0
1612359900000,36628.14000000,36628.14000000,36459.19000000,36537.42000000,953.36201800,1612360799999,34847347.71026465,23083,407.88281600,14909032.50649261,0
1612360800000,36537.42000000,36760.53000000,36519.16000000,36583.26000000,1043.45105100,1612361699999,38228835.08015475,24648,487.39297800,17858557.45639454,0
1612361700000,36583.26000000,36649.98000000,36500.00000000,36573.27000000,842.30832800,1612362599999,30804237.74132140,19753,381.42979100,13950680.91474278,0
1612362600000,36572.51000000,36602.16000000,36369.56000000,36466.16000000,888.18854400,1612363499999,32398276.41001914,18906,400.20331500,14598958.62258982,0
1612363500000,36466.17000000,36610.00000000,36373.12000000,36548.60000000,884.71388100,1612364399999,32303434.18460971,19495,383.39659700,13996519.14115246,0
1612364400000,36548.59000000,36660.31000000,36540.79000000,36575.45000000,748.98707900,1612365299999,27410823.13500622,17429,344.15902900,12595750.18265655,0
1612365300000,36574.15000000,36835.99000000,36563.12000000,36758.05000000,1192.44748400,1612366199999,43774474.18425984,25764,652.77872400,23962738.11099829,0
1612366200000,36758.04000000,36899.00000000,36688.66000000,36798.01000000,1235.03956100,1612367099999,45473084.26654172,26260,615.55459300,22663134.47788861,0
1612367100000,36798.01000000,36917.27000000,36702.00000000,36850.00000000,903.75135200,1612367999999,33267623.21797246,20328,425.51996400,15664554.41371519,0
1612368000000,36850.00000000,37118.32000000,36790.31000000,36864.09000000,2169.54902000,1612368899999,80208809.07953987,43410,1232.16278300,45558771.06107279,0
1612368900000,36864.88000000,36896.20000000,36643.07000000,36761.46000000,1242.44915500,1612369799999,45665454.69306933,28663,642.54767200,23615331.26805100,0
1612369800000,36761.45000000,37100.03000000,36674.46000000,36976.85000000,1231.19516400,1612370699999,45462092.46524495,29720,619.17614400,22864080.36329237,0
1612370700000,36976.85000000,37221.42000000,36800.00000000,37146.67000000,1047.11117100,1612371599999,38813389.04262283,26685,620.18348300,22995543.03573028,0
1612371600000,37146.67000000,37158.44000000,36960.37000000,37045.22000000,919.49286900,1612372499999,34089545.08259322,23790,428.33681100,15881856.35512912,0
1612372500000,37041.87000000,37179.15000000,36972.40000000,36980.86000000,848.67116600,1612373399999,31473598.41511142,23648,401.45149600,14884708.47792972,0
1612373400000,36977.53000000,37116.56000000,36929.00000000,37013.77000000,1092.04799800,1612374299999,40406325.81637606,21892,616.27004400,22801354.65975894,0
1612374300000,37015.79000000,37179.69000000,36950.00000000,37176.86000000,629.32977700,1612375199999,23328081.59272453,18056,306.95124800,11377428.35523110,0
1612375200000,37176.87000000,37200.00000000,36950.00000000,36958.86000000,840.24231200,1612376099999,31132673.52185860,20193,445.28515200,16499021.29220676,0
1612376100000,36957.20000000,37075.00000000,36688.00000000,37059.99000000,1257.50440100,1612376999999,46356591.95660962,31832,565.86750900,20866351.18989856,0
1612377000000,37059.99000000,37188.10000000,36888.00000000,37061.83000000,893.56519000,1612377899999,33131647.56399547,22850,447.90562800,16605743.43857823,0
1612377900000,37061.83000000,37180.00000000,36990.66000000,37114.14000000,615.47655400,1612378799999,22831890.69742500,19650,326.75114900,12120952.31921598,0
1612378800000,37116.47000000,37136.00000000,36871.81000000,36918.68000000,782.02928400,1612379699999,28944418.36185643,22402,346.70136700,12834273.98656295,0
1612379700000,36918.68000000,36950.00000000,36800.00000000,36912.52000000,660.71541900,1612380599999,24360816.36208689,19955,300.57608800,11083254.55041772,0
1612380600000,36912.52000000,36925.00000000,36821.14000000,36857.25000000,541.07375300,1612381499999,19945746.94800394,15669,247.20544800,9113027.74576594,0
1612381500000,36858.89000000,36941.00000000,36788.88000000,36788.89000000,447.00641300,1612382399999,16470021.92921740,14931,207.50546600,7646948.46968192,0
1612382400000,36788.89000000,36814.85000000,36644.44000000,36781.05000000,856.84146400,1612383299999,31497304.15664110,20223,360.50736800,13252593.32199986,0
1612383300000,36781.06000000,36901.23000000,36781.06000000,36818.09000000,547.24094000,1612384199999,20166359.61396400,15749,273.50080900,10078768.43875316,0
1612384200000,36818.09000000,37043.46000000,36817.93000000,36978.07000000,617.91329700,1612385099999,22806064.29898855,19736,325.25554600,12006088.91761793,0
1612385100000,36978.08000000,37075.70000000,36905.21000000,37039.88000000,708.00428400,1612385999999,26184782.91294069,22204,344.19686100,12729340.47151327,0
1612386000000,37039.88000000,37137.93000000,36971.66000000,37052.81000000,823.34240000,1612386899999,30507080.06496400,24836,354.49003600,13136053.54406002,0
1612386900000,37052.81000000,37171.61000000,36965.52000000,37160.00000000,922.81708500,1612387799999,34201808.76195323,21126,452.29107800,16765411.48956177,0
1612387800000,37160.00000000,37400.00000000,37159.95000000,37399.99000000,1204.92511000,1612388699999,44941685.02835065,28173,621.38676300,23174606.57957361,0
1612388700000,37400.00000000,37420.51000000,37100.00000000,37256.97000000,762.66538700,1612389599999,28427875.85906523,20773,351.92013800,13121092.43206749,0
1612389600000,37256.97000000,37450.55000000,37234.68000000,37450.55000000,648.37515500,1612390499999,24210161.87209624,18388,314.56214300,11746963.25348804,0
1612390500000,37450.09000000,37509.74000000,37275.17000000,37365.09000000,1035.21465900,1612391399999,38756122.98161880,25542,404.70631400,15154916.16319961,0
1612391400000,37365.09000000,37493.50000000,37278.54000000,37372.34000000,505.27002300,1612392299999,18888219.36329438,17592,238.85953400,8928227.25719966,0
1612392300000,37372.34000000,37424.14000000,37232.72000000,37276.31000000,401.56071000,1612393199999,14982235.41142731,15529,180.10733900,6719830.86684400,0
1612393200000,37276.30000000,37478.78000000,37267.02000000,37453.91000000,526.25172600,1612394099999,19652897.40035744,17458,282.28642800,10543245.78523747,0
1612394100000,37458.76000000,37621.78000000,37454.63000000,37554.02000000,967.24991700,1612394999999,36310503.56642789,24037,498.15184400,18702180.39173984,0
1612395000000,37554.02000000,37655.00000000,37418.11000000,37476.52000000,679.50617000,1612395899999,25509857.88748654,19346,289.24855300,10861793.30314487,0
1612395900000,37472.82000000,37662.63000000,37416.19000000,37618.87000000,641.65817500,1612396799999,24076265.75017732,16677,292.99465300,10993819.88242270,0
1612396800000,37620.26000000,37944.81000000,37615.93000000,37886.69000000,1598.38733200,1612397699999,60415696.95700007,34808,1006.20430500,38030071.52616707,0
1612397700000,37886.69000000,37994.47000000,37807.18000000,37989.68000000,907.41592100,1612398599999,34403149.35272580,21563,553.35574400,20982060.83076508,0
1612398600000,37989.67000000,38128.00000000,37800.00000000,37846.03000000,1600.01926200,1612399499999,60748766.74186556,37384,1029.26217800,39088852.63385459,0
1612399500000,37846.04000000,38081.76000000,37809.27000000,38063.15000000,855.37008400,1612400399999,32410360.12367106,24189,473.08846200,17928454.76317326,0
1612400400000,38065.00000000,38250.00000000,38065.00000000,38174.23000000,1415.87967100,1612401299999,54045213.74579261,29533,794.31262700,30322461.42818218,0
1612401300000,38173.96000000,38272.36000000,37861.83000000,38069.74000000,977.80459200,1612402199999,37219875.96676378,23684,441.92778000,16824423.84388854,0
1612402200000,38069.75000000,38069.75000000,37878.27000000,37965.51000000,775.05580900,1612403099999,29431297.59001577,16424,326.93961600,12415805.00958723,0
1612403100000,37965.52000000,38288.00000000,37957.80000000,38147.35000000,1126.13758400,1612403999999,42946741.38457489,22652,639.84851200,24400049.27071950,0
1612404000000,38147.36000000,38215.40000000,37771.59000000,37871.00000000,1222.03246000,1612404899999,46407850.90769716,25175,573.22534300,21766518.11171026,0
1612404900000,37871.00000000,37900.00000000,37505.51000000,37708.97000000,1374.99251700,1612405799999,51830923.55430394,28750,686.90451000,25889541.44663457,0
1612405800000,37708.96000000,37882.88000000,37673.67000000,37824.48000000,660.41026300,1612406699999,24957279.82141315,15477,342.73049400,12951078.34961735,0
1612406700000,37824.48000000,37916.41000000,37711.76000000,37896.36000000,518.12789000,1612407599999,19596221.48864668,12154,227.11591700,8592337.83580557,0
1612407600000,37896.36000000,38015.50000000,37684.23000000,37701.95000000,675.00360300,1612408499999,25591452.00696326,15606,317.82017300,12052114.21758300,0
1612408500000,37701.94000000,37750.87000000,37550.00000000,37693.15000000,667.00935300,1612409399999,25111421.27964285,15023,295.88487700,11142904.85192006,0
1612409400000,37693.15000000,37794.38000000,37578.31000000,37598.18000000,487.40168900,1612410299999,18368892.52633427,11960,238.22142700,8977810.02956977,0
1612410300000,37598.18000000,37690.68000000,37363.17000000,37498.78000000,1187.68277800,1612411199999,44519080.24576739,21543,502.83945200,18848841.86558329,0
1612411200000,37498.78000000,37665.70000000,37326.83000000,37664.48000000,792.20658100,1612412099999,29709151.10789371,18790,392.73354800,14730414.88634865,0
1612412100000,37664.49000000,37694.78000000,37568.42000000,37626.41000000,525.89631800,1612412999999,19788120.94188218,14169,194.95286800,7336121.06404356,0
1612413000000,37628.30000000,37772.63000000,37556.08000000,37657.36000000,549.10562100,1612413899999,20697032.39922248,17316,225.00728300,8481804.13180713,0
1612413900000,37657.36000000,37788.76000000,37605.39000000,37678.39000000,416.01366800,1612414799999,15681155.54377273,16446,199.53459700,7521864.79186131,0
1612414800000,37678.40000000,37749.29000000,37540.00000000,37678.43000000,558.96716000,1612415699999,21036076.56778334,13017,236.78345000,8912701.08262266,0
1612415700000,37678.43000000,37924.35000000,37650.15000000,37826.62000000,952.13020700,1612416599999,36044740.98023296,15842,486.67169600,18420263.85026583,0
1612416600000,37826.63000000,37849.09000000,37562.86000000,37650.00000000,575.53000800,1612417499999,21689642.14936721,12958,215.58210600,8126773.48971916,0
1612417500000,37647.55000000,37714.28000000,37479.03000000,37578.23000000,601.00678600,1612418399999,22584194.70626109,13942,260.54063500,9791437.45937519,0
1612418400000,37577.31000000,37840.70000000,37530.95000000,37753.36000000,612.37212500,1612419299999,23072899.16634954,24426,286.51709800,10796985.27623382,0
1612419300000,37752.24000000,38014.47000000,37714.37000000,38014.46000000,953.62118800,1612420199999,36130138.26433894,20648,578.11207900,21911108.27818894,0
1612420200000,38014.57000000,38117.07000000,37887.51000000,38075.88000000,1019.37428700,1612421099999,38750386.40500732,25753,531.54757200,20210540.15995562,0
1612421100000,38075.66000000,38195.00000000,37972.81000000,38076.43000000,820.34307700,1612421999999,31233461.82764384,18176,401.41026200,15283983.90267877,0
1612422000000,38076.43000000,38140.00000000,37975.39000000,38015.81000000,718.53272700,1612422899999,27327835.00748492,17087,389.58367000,14818342.63625692,0
1612422900000,38015.81000000,38040.20000000,37932.36000000,37996.40000000,628.95708200,1612423799999,23894780.73300741,15375,364.33166200,13842074.80063289,0
1612423800000,37996.41000000,38175.69000000,37829.09000000,37857.53000000,914.80490500,1612424699999,34742059.78244736,23295,415.82866600,15795750.44978230,0
1612424700000,37853.72000000,38006.19000000,37800.00000000,37843.40000000,1028.03360000,1612425599999,38935241.84694274,25755,540.19975900,20461355.67971604,0
1612425600000,37843.40000000,38453.00000000,37843.40000000,38441.77000000,1905.14718100,1612426499999,72665040.64279667,40008,1176.59399000,44910986.62198734,0
1612426500000,38441.78000000,38708.27000000,38292.96000000,38664.52000000,2984.33546300,1612427399999,114948341.34389811,54416,1809.87377000,69724354.76718485,0
1612427400000,38662.58000000,38698.00000000,38130.58000000,38225.92000000,1991.40905100,1612428299999,76454197.69641620,43169,911.76120900,35014440.25431761,0
1612428300000,38225.92000000,38267.45000000,37015.00000000,37338.19000000,2707.06244100,1612429199999,102175366.24076965,53478,1161.96665100,43873387.67792461,0
1612429200000,37339.11000000,37604.07000000,36662.45000000,37307.73000000,3014.18292200,1612430099999,112171748.48162515,73062,1410.88386900,52527831.47553593,0
1612430100000,37310.31000000,37400.00000000,37013.81000000,37175.54000000,1994.06763400,1612430999999,74221248.02705965,46671,1044.65484500,38891953.74847634,0
1612431000000,37175.54000000,37218.04000000,36912.42000000,37137.22000000,1370.63294600,1612431899999,50829056.71808258,34075,642.70002300,23837734.58894376,0
1612431900000,37137.23000000,37538.00000000,36959.84000000,37509.22000000,1188.45456600,1612432799999,44341575.12550398,31498,632.95344300,23622363.64449122,0
1612432800000,37509.22000000,37538.00000000,37325.93000000,37414.72000000,893.00298900,1612433699999,33417586.53570976,22532,412.26278300,15427788.28281125,0
1612433700000,37416.60000000,37520.00000000,37206.20000000,37467.95000000,816.70150100,1612434599999,30552969.28397256,20775,423.57727400,15850634.02801771,0
1612434600000,37467.94000000,37741.91000000,37358.01000000,37729.48000000,927.02573700,1612435499999,34818915.77028201,22971,497.25814600,18679673.64820094,0
1612435500000,37729.47000000,37772.43000000,37582.13000000,37611.63000000,694.51262200,1612436399999,26169041.99255041,18223,327.22420800,12330543.13602904,0
1612436400000,37612.90000000,37717.14000000,37457.80000000,37667.19000000,834.53009000,1612437299999,31364719.19824257,21679,391.83278900,14726875.43044634,0
1612437300000,37666.95000000,37900.00000000,37666.95000000,37804.36000000,796.29965300,1612438199999,30106977.60358048,20544,429.68408400,16245500.54943033,0
1612438200000,37804.35000000,37922.78000000,37612.37000000,37669.71000000,719.49874900,1612439099999,27166078.80646130,18532,391.07671100,14766255.61762508,0
1612439100000,37671.52000000,37714.48000000,37306.12000000,37321.75000000,900.30222800,1612439999999,33809227.54164551,21544,363.11009200,13640602.20456664,0
1612440000000,37319.43000000,37526.43000000,37021.80000000,37408.51000000,1382.63429200,1612440899999,51613556.20529656,31726,635.51483000,23729681.09989741,0
1612440900000,37408.51000000,37581.11000000,37398.97000000,37516.98000000,601.56337100,1612441799999,22557015.86479767,15619,314.09146600,11776569.49529155,0
1612441800000,37516.98000000,37763.57000000,37319.43000000,37670.54000000,875.18367700,1612442699999,32882617.27819147,23074,428.38559000,16097915.36072027,0
1612442700000,37670.54000000,37730.00000000,37600.88000000,37618.69000000,542.82828400,1612443599999,20447137.72988530,15519,261.68633700,9857737.64954076,0
1612443600000,37618.68000000,37618.68000000,37447.75000000,37525.64000000,546.48358200,1612444499999,20506323.90629085,17633,260.16552200,9762894.39155962,0
1612444500000,37525.43000000,37550.31000000,37355.11000000,37420.39000000,588.32022900,1612445399999,22023528.70255738,18624,246.27237300,9219626.54644395,0
1612445400000,37420.38000000,37542.85000000,37268.03000000,37520.14000000,827.10750300,1612446299999,30924319.26926404,18612,334.04756000,12497895.51241451,0
1612446300000,37520.13000000,37690.00000000,37408.07000000,37587.58000000,767.80261600,1612447199999,28837460.77385021,20749,337.56148600,12678409.03696917,0
1612447200000,37587.58000000,37662.18000000,37516.82000000,37619.99000000,617.90681300,1612448099999,23234654.61847744,18419,292.33072400,10992379.05969938,0
1612448100000,37620.00000000,37705.00000000,37404.22000000,37493.45000000,872.06968600,1612448999999,32768418.62157516,20466,458.82397400,17249103.68007988,0
1612449000000,37493.46000000,37533.00000000,37051.00000000,37148.52000000,1446.13192400,1612449899999,53846483.31655541,29891,588.26232000,21901744.14471829,0
1612449900000,37153.72000000,37218.04000000,36626.86000000,36795.15000000,1947.68513400,1612450799999,71860995.87561481,38709,811.05684400,29922998.41538705,0
1612450800000,36795.15000000,36965.34000000,36478.61000000,36620.52000000,2066.72898500,1612451699999,75872067.63791901,37485,1109.52339300,40721158.84489377,0
1612451700000,36620.52000000,36744.90000000,36161.95000000,36334.57000000,1889.72528600,1612452599999,68807049.04808097,46695,974.33910400,35488857.30892243,0
1612452600000,36339.02000000,36630.78000000,36285.90000000,36550.00000000,1255.51770800,1612453499999,45799714.15146185,25160,725.29529700,26448681.93040494,0
1612453500000,36550.00000000,36655.41000000,36466.33000000,36564.23000000,763.30070300,1612454399999,27911257.77642354,17053,401.25637000,14673053.40748994,0
1612454400000,36564.23000000,36714.28000000,36399.79000000,36621.56000000,1198.11043300,1612455299999,43813819.17808637,24467,602.03397700,22021483.22250347,0
1612455300000,36621.56000000,36819.36000000,36527.89000000,36819.35000000,962.16054100,1612456199999,35293246.63865131,19740,539.82531800,19803264.54801644,0
1612456200000,36819.36000000,36826.87000000,36688.19000000,36741.99000000,830.20147800,1612457099999,30511664.77805413,19132,365.41223000,13430095.16011413,0
1612457100000,36741.22000000,36989.99000000,36686.09000000,36929.36000000,835.71671100,1612457999999,30804977.92377202,22924,421.95201900,15556123.43573893,0
1612458000000,36929.53000000,37070.00000000,36823.26000000,36855.26000000,980.15808800,1612458899999,36201762.96328245,27515,433.13266100,16001509.28503350,0
1612458900000,36855.27000000,36995.52000000,36780.00000000,36785.03000000,755.97555200,1612459799999,27882696.68176598,22184,325.36007000,12003184.70726385,0
1612459800000,36785.03000000,37018.58000000,36780.00000000,37000.00000000,744.87883800,1612460699999,27507977.19880683,19773,340.22422000,12563998.94445513,0
1612460700000,37000.00000000,37012.04000000,36814.08000000,36884.34000000,614.30742700,1612461599999,22666278.19423592,17805,241.84165100,8923647.71805334,0
1612461600000,36884.34000000,36986.71000000,36761.89000000,36957.54000000,466.24538700,1612462499999,17202722.54333792,16138,198.56797900,7326487.70211094,0
1612462500000,36957.53000000,37422.37000000,36937.48000000,37372.91000000,1197.40741200,1612463399999,44596169.63585024,28312,703.78845600,26213968.31112033,0
1612463400000,37376.27000000,37409.53000000,37081.63000000,37100.87000000,581.79227100,1612464299999,21653240.01794641,15855,252.65141700,9403797.02440672,0
1612464300000,37103.37000000,37158.66000000,36901.96000000,37141.96000000,727.00635600,1612465199999,26927761.47637289,19956,373.25619200,13826959.17661777,0
1612465200000,37143.44000000,37266.64000000,36980.00000000,37081.16000000,790.03643100,1612466099999,29346949.73667513,21465,363.00243700,13484397.69423502,0
1612466100000,37081.16000000,37255.00000000,37041.73000000,37226.25000000,610.87916100,1612466999999,22709088.75258990,17291,235.96171000,8771278.72899376,0
1612467000000,37226.25000000,37300.00000000,37100.00000000,37282.04000000,650.17718500,1612467899999,24182940.96729101,15578,302.97760600,11268762.07205129,0
1612467900000,37280.17000000,37499.99000000,37199.99000000,37467.18000000,918.18889900,1612468799999,34305262.83450988,20764,433.30794000,16194094.86681303,0
1612468800000,37467.18000000,37783.83000000,37414.25000000,37699.50000000,1355.06136200,1612469699999,51029581.22925401,28084,637.39820700,23996789.61445500,0
1612469700000,37699.50000000,37699.50000000,37464.08000000,37476.19000000,657.77386700,1612470599999,24712097.35035920,18843,349.08110400,13114780.38703405,0
1612470600000,37474.49000000,37599.70000000,37383.48000000,37434.65000000,581.38265300,1612471499999,21785033.19215158,16365,266.23658400,9976967.33230865,0
1612471500000,37436.56000000,37620.00000000,37366.00000000,37613.31000000,560.02016400,1612472399999,20980863.72935644,16595,276.87219900,10374374.72441856,0
1612472400000,37613.32000000,37729.82000000,37446.06000000,37552.88000000,822.90084400,1612473299999,30959093.04273482,20452,358.32135400,13481744.96387980,0
1612473300000,37552.88000000,37594.76000000,37302.00000000,37310.99000000,461.09431100,1612474199999,17275823.60769981,17239,206.23116200,7727924.10358386,0
1612474200000,37313.53000000,37555.11000000,37305.44000000,37544.44000000,548.70910700,1612475099999,20530973.08317464,18559,286.28747400,10711905.29840884,0
1612475100000,37544.45000000,37677.10000000,37404.34000000,37643.00000000,551.98969900,1612475999999,20737881.29909330,18425,260.81353100,9799018.15076821,0
1612476000000,37643.00000000,37698.73000000,37345.60000000,37345.72000000,550.05769600,1612476899999,20645439.22874442,18834,219.68820700,8244254.95099593,0
1612476900000,37347.36000000,37383.75000000,37000.00000000,37195.37000000,995.77400500,1612477799999,37028035.26281087,30119,464.75511600,17285528.40238890,0
1612477800000,37195.37000000,37250.00000000,37046.62000000,37196.53000000,447.43495200,1612478699999,16622833.59912547,14951,189.70908100,7050069.81375603,0
1612478700000,37196.52000000,37288.88000000,36964.03000000,37240.00000000,540.21386700,1612479599999,20063508.16717908,15125,274.60451200,10200419.37811353,0
1612479600000,37240.00000000,37382.34000000,37134.80000000,37211.21000000,573.22957600,1612480499999,21356331.47513764,14470,252.34489300,9399472.09479347,0
1612480500000,37211.21000000,37349.43000000,37173.99000000,37294.09000000,493.50684300,1612481399999,18395652.52678613,12597,221.89315400,8270398.11357400,0
1612481400000,37298.52000000,37328.69000000,36977.22000000,37059.85000000,631.90903200,1612482299999,23475100.48465571,14830,334.94710700,12442625.99280994,0
1612482300000,37059.86000000,37084.36000000,36841.77000000,36936.66000000,1002.65403600,1612483199999,37038382.44614673,19948,408.68867700,15096208.45605000,0
1612483200000,36936.65000000,37171.32000000,36795.72000000,36998.15000000,961.80835200,1612484099999,35568631.36984669,23232,510.38805400,18880599.18754483,0
1612484100000,36998.14000000,37167.65000000,36925.07000000,37100.97000000,626.78952500,1612484999999,23228340.87969655,15416,350.85562600,13004139.71953494,0
1612485000000,37108.24000000,37227.22000000,37035.71000000,37151.48000000,474.96147500,1612485899999,17631766.68048112,12928,252.42349700,9370869.18093537,0
1612485900000,37150.36000000,37199.99000000,36950.00000000,36993.25000000,475.42307300,1612486799999,17631801.89814476,14574,256.80784800,9525464.46561444,0
1612486800000,36993.25000000,37239.12000000,36900.17000000,37222.47000000,546.89477100,1612487699999,20281587.74816806,15345,292.39807000,10846781.56580639,0
1612487700000,37222.47000000,37300.00000000,37163.30000000,37172.15000000,503.70788100,1612488599999,18754724.96396549,14300,266.51018700,9923432.61262341,0
1612488600000,37173.11000000,37228.97000000,36915.90000000,36971.73000000,589.55514000,1612489499999,21872018.06974530,14639,252.19768700,9355664.04766397,0
1612489500000,36971.74000000,36973.59000000,36570.00000000,36632.38000000,978.19210600,1612490399999,36010905.08692223,21221,403.59341600,14860711.73092625,0
1612490400000,36632.38000000,36845.25000000,36604.93000000,36789.50000000,866.31994500,1612491299999,31836594.53249157,19848,437.56587400,16079373.58333304,0
1612491300000,36789.51000000,36836.46000000,36570.00000000,36713.84000000,768.88215700,1612492199999,28235627.00881166,17294,354.50159600,13015511.24397968,0
1612492200000,36713.84000000,36849.69000000,36705.82000000,36807.88000000,564.82028600,1612493099999,20773144.60860326,13354,259.92023200,9560159.98351333,0
1612493100000,36808.38000000,36990.00000000,36780.00000000,36958.28000000,661.33761300,1612493999999,24376272.07320745,15695,299.24612400,11031742.99769464,0
1612494000000,36958.33000000,37287.30000000,36909.71000000,37280.07000000,883.51935500,1612494899999,32767594.83106283,21823,475.19210500,17628841.05468812,0
1612494900000,37280.06000000,37372.72000000,37175.02000000,37231.72000000,637.17706100,1612495799999,23750180.31007297,17303,347.46908100,12953337.22929387,0
1612495800000,37227.01000000,37400.00000000,37211.91000000,37345.01000000,645.87790100,1612496699999,24115402.17335635,15848,338.07504600,12622753.89730962,0
1612496700000,37345.01000000,37366.02000000,37232.77000000,37366.02000000,447.66289300,1612497599999,16698585.00613010,13296,221.90880700,8278551.43165024,0
1612497600000,37366.01000000,37408.96000000,37245.83000000,37345.62000000,454.45688300,1612498499999,16955557.15121254,13490,253.04803200,9441212.48459718,0
1612498500000,37345.62000000,37499.00000000,37214.51000000,37339.07000000,631.73334500,1612499399999,23587656.17815450,17420,345.33074100,12892820.49037130,0
1612499400000,37339.16000000,37363.12000000,37188.01000000,37325.00000000,431.48027700,1612500299999,16088335.07079256,13077,204.42714700,7621642.82068024,0
1612500300000,37324.99000000,37336.88000000,37187.81000000,37266.78000000,385.22023400,1612501199999,14360183.89707408,10848,196.06068700,7308796.54683700,0
1612501200000,37266.79000000,37350.33000000,37236.12000000,37300.08000000,355.00150000,1612502099999,13240769.54927888,12098,191.31925900,7135809.03188614,0
1612502100000,37298.26000000,37316.32000000,36995.27000000,37120.04000000,457.42388900,1612502999999,16980512.95754890,13938,232.80224800,8641495.94092509,0
1612503000000,37120.03000000,37240.44000000,37071.70000000,37205.56000000,439.74353800,1612503899999,16343726.32000297,12337,207.94439600,7727696.05800351,0
1612503900000,37205.56000000,37274.98000000,37056.83000000,37065.97000000,478.23713800,1612504799999,17793439.35489205,11556,192.60378500,7165841.60060155,0
1612504800000,37065.98000000,37220.00000000,37021.80000000,37205.39000000,591.22869400,1612505699999,21955914.40457207,14054,307.71487100,11428512.22426941,0
1612505700000,37205.39000000,37625.00000000,37152.63000000,37485.80000000,1008.50419700,1612506599999,37729064.89694831,25649,604.31804700,22614558.09874166,0
1612506600000,37483.57000000,37658.00000000,37373.13000000,37444.34000000,883.14540500,1612507499999,33098493.96798684,21992,496.67303300,18613191.12900376,0
1612507500000,37443.23000000,37487.70000000,37328.28000000,37375.52000000,482.71457400,1612508399999,18052640.30549656,15091,259.93149400,9720972.21079513,0
1612508400000,37374.39000000,37570.00000000,37374.38000000,37411.30000000,675.85073700,1612509299999,25327410.09472188,17905,360.60157200,13512129.12115625,0
1612509300000,37411.30000000,37727.22000000,37410.05000000,37663.66000000,872.61990900,1612510199999,32814386.45015592,22660,505.84448500,19022013.93669186,0
1612510200000,37663.66000000,37686.69000000,37514.28000000,37555.57000000,530.36487900,1612511099999,19925410.80888478,15925,222.56136800,8361972.81136218,0
1612511100000,37555.57000000,37683.39000000,37510.94000000,37653.98000000,643.71387400,1612511999999,24191648.75768235,17655,316.50695400,11893821.27006381,0
1612512000000,37659.64000000,37800.00000000,37587.73000000,37733.01000000,940.26109500,1612512899999,35452135.07655966,23803,473.63225500,17861217.15361696,0
1612512900000,37735.70000000,37735.70000000,37392.71000000,37487.01000000,875.88533500,1612513799999,32886922.66035412,23322,413.82935100,15537403.58050471,0
1612513800000,37487.01000000,37575.65000000,37431.62000000,37538.61000000,709.88918000,1612514699999,26621845.86872973,18104,346.29538300,12985953.24099960,0
1612514700000,37536.24000000,37750.00000000,37531.77000000,37705.27000000,878.55124900,1612515599999,33090733.33460907,20568,494.43923600,18624002.03737798,0
1612515600000,37705.27000000,37769.85000000,37612.78000000,37672.47000000,603.63335300,1612516499999,22746256.53112216,16941,324.25467900,12218532.83655726,0
1612516500000,37672.46000000,37686.76000000,37500.00000000,37559.95000000,616.92920100,1612517399999,23189176.55182129,17594,263.37755800,9899191.45640733,0
1612517400000,37559.94000000,37600.00000000,37477.40000000,37529.99000000,479.10739300,1612518299999,17985986.99234996,15073,231.27569900,8682553.18704161,0
1612518300000,37529.99000000,37580.00000000,37211.85000000,37251.07000000,826.42909700,1612519199999,30926086.09818146,21237,348.19316200,13035357.46428915,0
1612519200000,37251.07000000,37514.53000000,37200.00000000,37486.72000000,633.44984500,1612520099999,23665302.09087217,19052,284.56393500,10630710.64713841,0
1612520100000,37486.72000000,37655.44000000,37486.72000000,37533.82000000,677.02846000,1612520999999,25445020.64251770,19001,345.81640700,12996646.17253072,0
1612521000000,37532.15000000,37549.98000000,37408.22000000,37488.27000000,494.52136500,1612521899999,18536409.13294040,16043,236.67348500,8870977.29637331,0
1612521900000,37488.28000000,37491.02000000,37354.09000000,37395.91000000,510.26214600,1612522799999,19090166.21720775,16264,255.52751700,9559576.04304874,0
1612522800000,37395.92000000,37555.34000000,37395.78000000,37498.67000000,500.39922600,1612523699999,18763059.05612324,15944,257.32097700,9648207.12238652,0
1612523700000,37498.67000000,37713.48000000,37450.08000000,37710.00000000,650.75329200,1612524599999,24470196.12548638,18400,326.69369100,12284986.23954630,0
1612524600000,37709.99000000,37733.75000000,37561.00000000,37589.88000000,590.78344900,1612525499999,22241957.59023023,16387,245.94107000,9258472.14072279,0
1612525500000,37589.88000000,37700.00000000,37573.64000000,37691.32000000,423.21349600,1612526399999,15926816.56976583,12776,180.14590100,6780364.11457338,0
1612526400000,37691.32000000,37699.21000000,37527.14000000,37614.31000000,554.05198700,1612527299999,20840086.44931729,17264,250.53246600,9423423.15571238,0
1612527300000,37612.42000000,38000.00000000,37577.88000000,37934.92000000,1379.98489300,1612528199999,52252551.27900348,33136,845.26066900,32011575.44784695,0
1612528200000,37934.91000000,38151.69000000,37933.04000000,38045.56000000,1452.27497600,1612529099999,55250694.46211205,33890,811.06151400,30855343.06170281,0
1612529100000,38045.57000000,38085.00000000,37800.00000000,37850.36000000,811.64548000,1612529999999,30812451.43902968,19985,410.27447000,15576329.01393166,0
1612530000000,37850.36000000,37982.93000000,37827.83000000,37960.77000000,802.32739000,1612530899999,30425063.80572515,25298,439.16187200,16654171.21585760,0
1612530900000,37960.01000000,37969.79000000,37853.28000000,37912.43000000,627.09024100,1612531799999,23760344.01297664,25351,274.18242700,10388950.87144201,0
1612531800000,37912.20000000,37961.07000000,37767.09000000,37961.07000000,700.79819900,1612532699999,26521307.73322538,25740,341.60377600,12929222.94285202,0
1612532700000,37961.06000000,38298.00000000,37923.92000000,38272.32000000,1837.55722800,1612533599999,70106611.60162839,51136,1044.66833300,39858814.29382649,0
1612533600000,38272.33000000,38299.00000000,38109.36000000,38138.18000000,1027.64380300,1612534499999,39242733.07766729,26639,476.15598700,18183506.57672147,0
1612534500000,38138.18000000,38150.00000000,37960.73000000,38092.93000000,832.03693500,1612535399999,31681073.77138240,22774,339.42131900,12925527.80920931,0
1612535400000,38092.89000000,38204.99000000,38028.52000000,38204.50000000,820.78254200,1612536299999,31271777.76696824,20062,436.46552400,16631632.04575791,0
1612536300000,38204.50000000,38310.12000000,38070.00000000,38095.02000000,1427.59366300,1612537199999,54549374.11189827,30458,614.66226400,23478223.25275016,0
1612537200000,38095.14000000,38146.06000000,37900.00000000,37983.36000000,1032.98826100,1612538099999,39281328.13217785,30757,416.58907000,15842705.66032264,0
1612538100000,37983.37000000,38143.00000000,37966.49000000,38035.40000000,832.03719800,1612538999999,31674497.59172853,28311,397.29893100,15125017.44410837,0
1612539000000,38035.40000000,38288.19000000,38010.22000000,38137.65000000,955.19585300,1612539899999,36460021.18892502,26887,492.62332800,18807327.60799803,0
1612539900000,38137.66000000,38190.00000000,37871.42000000,37960.76000000,1013.65158800,1612540799999,38570327.55515864,28526,404.10675400,15376347.61840312,0
1612540800000,37960.76000000,38163.34000000,37655.17000000,37992.34000000,2046.52151000,1612541699999,77712465.59973333,51021,849.78849500,32272971.18551009,0
1612541700000,37992.34000000,38127.28000000,37970.83000000,38021.18000000,768.41893800,1612542599999,29244575.28583518,26722,326.10795100,12411179.53123153,0
1612542600000,38021.18000000,38074.23000000,37800.00000000,37855.78000000,666.43485400,1612543499999,25286390.32597546,26569,310.03557300,11763815.52637461,0
1612543500000,37855.78000000,37906.28000000,37657.40000000,37809.55000000,789.02063200,1612544399999,29823029.86346964,26315,361.48394600,13663058.29317077,0
1612544400000,37813.19000000,37945.48000000,37733.00000000,37825.00000000,748.64289800,1612545299999,28328833.77940827,21984,340.32266500,12878340.31089585,0
1612545300000,37824.99000000,37899.00000000,37772.83000000,37872.87000000,497.68270600,1612546199999,18833131.05366429,16235,221.25439900,8372884.25044208,0
1612546200000,37872.88000000,37940.00000000,37815.55000000,37846.56000000,469.41741500,1612547099999,17777583.69499547,15229,220.75426600,8360176.88890996,0
1612547100000,37846.55000000,37950.00000000,37790.00000000,37894.61000000,513.83874400,1612547999999,19452203.34049487,14992,286.69581800,10854403.71028441,0
1612548000000,37894.61000000,37922.44000000,37754.02000000,37768.19000000,520.10588100,1612548899999,19675960.33841633,15072,212.85803500,8051812.69824639,0
1612548900000,37768.20000000,37795.25000000,37706.00000000,37718.11000000,595.44019600,1612549799999,22475977.19775530,14994,270.04180400,10193516.32692409,0
1612549800000,37718.11000000,37814.00000000,37583.92000000,37600.90000000,732.69906300,1612550699999,27628925.40780445,17796,347.83819000,13122666.68315711,0
1612550700000,37601.82000000,37660.59000000,37312.25000000,37406.23000000,1087.93939000,1612551599999,40826783.54615585,25211,498.54067000,18717596.37216641,0
1612551600000,37405.63000000,37577.64000000,37230.00000000,37311.05000000,1030.21048900,1612552499999,38551703.88906971,24023,464.99769900,17405104.89361942,0
1612552500000,37311.04000000,37552.54000000,37300.00000000,37481.81000000,809.54888300,1612553399999,30325077.81540622,19705,372.75111600,13965240.55846615,0
1612553400000,37487.59000000,37611.22000000,37478.55000000,37588.67000000,664.92598300,1612554299999,24968204.15755479,17220,253.74200100,9528760.42899634,0
1612554300000,37588.68000000,37676.13000000,37560.00000000,37608.92000000,562.67557800,1612555199999,21160361.42292217,16474,253.36031700,9528532.30257339,0
1612555200000,37608.91000000,37690.00000000,37485.94000000,37669.87000000,638.46860100,1612556099999,24007203.54300791,17156,290.65153900,10929121.78344099,0
1612556100000,37669.99000000,37696.33000000,37573.14000000,37633.78000000,465.56624800,1612556999999,17527052.14424978,14948,241.94517000,9108823.80378582,0
1612557000000,37635.52000000,37758.05000000,37622.79000000,37711.74000000,543.55306500,1612557899999,20476892.74603311,17597,267.08438700,10062330.03981176,0
1612557900000,37717.22000000,37790.00000000,37690.00000000,37740.39000000,530.31684500,1612558799999,20009437.73244835,19335,282.43144400,10656867.96068577,0
1612558800000,37740.40000000,37920.00000000,37656.29000000,37850.09000000,663.21184500,1612559699999,25057231.81812394,23556,335.38771100,12675532.42504679,0
1612559700000,37846.90000000,37860.26000000,37732.40000000,37746.63000000,355.07483600,1612560599999,13415696.13897727,12932,160.48182400,6063404.97091301,0
1612560600000,37746.62000000,37831.46000000,37680.40000000,37800.60000000,350.31177600,1612561499999,13228606.17833684,12522,166.45300400,6285737.57869908,0
1612561500000,37800.59000000,37849.97000000,37754.29000000,37819.67000000,323.72187000,1612562399999,12239763.04169282,11159,158.93831300,6009419.18417787,0
1612562400000,37819.67000000,37849.77000000,37652.79000000,37709.46000000,363.19223700,1612563299999,13721652.58328098,13117,150.11098800,5671984.18257608,0
1612563300000,37713.78000000,37971.61000000,37694.44000000,37941.76000000,445.99570900,1612564199999,16899435.31569915,16817,212.80142700,8063609.10081561,0
1612564200000,37945.50000000,37946.76000000,37783.37000000,37846.14000000,439.11710800,1612565099999,16630952.40565155,12509,187.74257800,7109869.50948089,0
1612565100000,37846.15000000,37883.27000000,37768.66000000,37784.12000000,339.42775800,1612565999999,12840603.30080753,11267,168.00162600,6356141.93181428,0
1612566000000,37782.98000000,38000.00000000,37743.81000000,37950.32000000,494.91476900,1612566899999,18765781.22257190,14959,266.74929800,10117033.47525800,0
1612566900000,37949.64000000,37982.30000000,37907.70000000,37935.14000000,328.90551000,1612567799999,12478915.11775397,10529,169.30253100,6423560.12708617,0
1612567800000,37935.13000000,37935.14000000,37865.34000000,37893.95000000,337.60284300,1612568699999,12793469.89513237,10491,172.49406300,6536646.87012218,0
1612568700000,37892.60000000,38309.00000000,37890.00000000,38290.24000000,1085.30406900,1612569599999,41397749.92525078,26263,696.44580400,26571048.47379952,0
1612569600000,38289.32000000,38619.73000000,38215.94000000,38433.92000000,2003.34726000,1612570499999,77052580.45561934,50379,1316.59076100,50643378.26592682,0
1612570500000,38433.92000000,38436.35000000,38262.45000000,38418.24000000,868.05574500,1612571399999,33303323.89573067,28319,488.81278600,18752482.17831974,0
1612571400000,38418.23000000,38790.00000000,38365.00000000,38644.47000000,1420.60467800,1612572299999,54878689.04933304,37503,943.35255000,36450055.58467619,0
1612572300000,38645.16000000,38879.00000000,38550.00000000,38740.92000000,1105.47586900,1612573199999,42818882.26612357,31506,657.71916000,25476994.55733222,0
1612573200000,38740.92000000,38998.74000000,38617.00000000,38963.55000000,1199.91480600,1612574099999,46598215.74864197,24731,731.50710100,28419792.23390734,0
1612574100000,38962.97000000,39400.00000000,38849.37000000,39335.77000000,3032.95094800,1612574999999,118699353.17880551,55012,1979.98394000,77454972.52538752,0
1612575000000,39335.78000000,39482.18000000,39055.00000000,39257.54000000,2324.84041000,1612575899999,91331707.43360412,50173,1239.20394300,48694714.17579961,0
1612575900000,39257.53000000,39257.53000000,38275.86000000,38806.45000000,3446.24021400,1612576799999,133570741.86988473,67445,1725.43181300,66880237.61898369,0
1612576800000,38806.45000000,39076.15000000,38612.00000000,38777.05000000,1469.86950300,1612577699999,57144623.42486479,37600,746.05145800,29010398.07344877,0
1612577700000,38777.04000000,39000.00000000,38706.16000000,38964.98000000,1111.17216300,1612578599999,43244598.39371465,25485,543.78552000,21168682.14422361,0
1612578600000,38964.98000000,39535.36000000,38830.38000000,39474.27000000,2083.05302900,1612579499999,81819671.68198271,36182,1201.05739900,47199277.31420842,0
1612579500000,39483.04000000,39517.35000000,39260.00000000,39382.10000000,1247.77983200,1612580399999,49152948.63284616,29005,625.04391300,24623191.43702341,0
1612580400000,39383.26000000,39509.25000000,39200.00000000,39339.11000000,1270.03498300,1612581299999,50028883.35030299,28506,626.39282400,24679341.61208066,0
1612581300000,39339.47000000,39666.00000000,39323.93000000,39361.12000000,1539.26931200,1612582199999,60857246.25390615,31218,931.51100100,36836757.82904065,0
1612582200000,39365.01000000,39498.45000000,39235.67000000,39294.08000000,844.07982600,1612583099999,33229231.67487457,19002,422.63324300,16640619.59525863,0
1612583100000,39294.08000000,39435.97000000,39250.00000000,39384.74000000,463.37823400,1612583999999,18235485.30888344,12995,239.50183200,9426248.48606498,0
1612584000000,39386.92000000,39386.93000000,39040.00000000,39086.60000000,850.85885500,1612584899999,33337563.08733347,19458,407.37174300,15958738.41538157,0
1612584900000,39086.61000000,39280.19000000,38933.00000000,39244.98000000,864.89608100,1612585799999,33877588.22821214,17735,483.69547500,18945391.09781606,0
1612585800000,39244.98000000,39329.94000000,39175.00000000,39262.15000000,446.09950400,1612586699999,17512588.18499041,11182,239.26894200,9392914.78328566,0
1612586700000,39266.23000000,39287.47000000,39139.00000000,39179.56000000,516.89644500,1612587599999,20264304.27077150,12147,260.72270300,10221812.84123254,0
1612587600000,39179.56000000,39238.00000000,38600.00000000,38842.37000000,1056.09066200,1612588499999,41136502.60940748,22736,366.08941700,14281506.41692693,0
1612588500000,38840.93000000,39088.21000000,38840.93000000,39076.00000000,549.42190900,1612589399999,21418963.44816383,13973,301.21069200,11742393.15163243,0
1612589400000,39076.00000000,39078.00000000,38858.59000000,38939.21000000,838.19936500,1612590299999,32644147.25254052,14899,514.04214800,20016579.45126657,0
1612590300000,38942.80000000,39091.73000000,38941.22000000,39014.73000000,452.20046000,1612591199999,17649179.32918233,12602,260.33045100,10160806.51659911,0
1612591200000,39015.08000000,39191.59000000,38989.90000000,39104.37000000,725.18450300,1612592099999,28345942.03823103,14530,359.62361200,14057791.88027779,0
1612592100000,39101.30000000,39412.24000000,39098.92000000,39380.00000000,846.13957500,1612592999999,33229409.94218516,17756,476.75545200,18722738.72428248,0
1612593000000,39380.00000000,39458.37000000,39273.66000000,39351.68000000,782.24187700,1612593899999,30795903.27741271,14898,364.55230000,14350595.29184205,0
1612593900000,39351.67000000,39387.00000000,39258.10000000,39267.47000000,425.17467900,1612594799999,16715266.89176539,11695,197.50439200,7765071.13310323,0
1612594800000,39267.47000000,39488.62000000,39200.00000000,39382.37000000,651.74327800,1612595699999,25658084.24816754,15438,330.09352400,12996330.25739650,0
1612595700000,39381.11000000,39473.88000000,39258.10000000,39304.09000000,672.12042300,1612596599999,26450792.89983971,14618,346.70350300,13643751.58608514,0
1612596600000,39304.08000000,39346.42000000,39222.70000000,39273.05000000,449.69666600,1612597499999,17666484.41140924,11657,206.49334500,8112908.37192341,0
1612597500000,39273.05000000,39406.98000000,39156.16000000,39359.12000000,570.96732000,1612598399999,22434784.46544939,14192,304.23018900,11956239.24075729,0
1612598400000,39362.27000000,39640.00000000,39358.99000000,39555.70000000,1132.46941500,1612599299999,44760595.16363987,23782,713.54777800,28201655.01596523,0
1612599300000,39555.70000000,39699.69000000,39532.47000000,39599.15000000,751.24452400,1612600199999,29766033.84059000,17950,384.51469900,15236847.73505838,0
1612600200000,39599.16000000,39607.37000000,39394.48000000,39511.43000000,831.25463900,1612601099999,32829613.80046109,17928,403.91387200,15953193.67249519,0
1612601100000,39511.42000000,39542.24000000,39297.75000000,39425.02000000,585.49829400,1612601999999,23085138.12673275,14917,250.74448600,9886844.49173713,0
1612602000000,39427.00000000,39858.27000000,39405.13000000,39739.54000000,1292.22885000,1612602899999,51301702.04462631,30092,828.26121500,32888233.62664392,0
1612602900000,39740.28000000,39888.00000000,39400.00000000,39681.72000000,1016.48269300,1612603799999,40281512.99619385,23330,489.62207600,19412405.20580145,0
1612603800000,39681.73000000,39818.53000000,39564.00000000,39696.38000000,801.81856800,1612604699999,31826450.51076775,17817,443.62957100,17607567.28018139,0
1612604700000,39696.38000000,39900.00000000,39597.83000000,39887.91000000,872.84551200,1612605599999,34729782.51720400,20844,498.29851400,19828106.47917619,0
1612605600000,39887.91000000,39940.00000000,39640.60000000,39826.35000000,977.25032900,1612606499999,38926371.29459320,23640,553.14728800,22036887.79203745,0
1612606500000,39829.78000000,39859.86000000,39682.60000000,39754.42000000,794.95872600,1612607399999,31613824.95810181,16344,375.55674600,14934453.21503095,0
1612607400000,39754.42000000,39790.00000000,39516.17000000,39771.03000000,1002.31439600,1612608299999,39757242.13377241,21859,459.93454600,18246345.93549189,0
1612608300000,39771.04000000,40000.00000000,39740.00000000,39998.63000000,1553.31270500,1612609199999,62034098.89756813,27578,1077.12058600,43024226.45244125,0
1612609200000,39998.63000000,40340.35000000,39992.64000000,40285.67000000,2731.98147100,1612610099999,109659370.69020374,53849,1648.19873600,66142094.36213751,0
1612610100000,40301.09000000,40422.00000000,40176.99000000,40340.01000000,1626.68819800,1612610999999,65544094.91930319,36655,802.56729400,32344247.39058754,0
1612611000000,40340.01000000,40435.07000000,40125.47000000,40404.46000000,1270.10761500,1612611899999,51156733.15553041,27848,629.12449600,25340507.10028237,0
1612611900000,40404.45000000,40479.86000000,40150.00000000,40199.99000000,1208.30015200,1612612799999,48673765.42891185,25011,593.24282600,23898822.60557825,0
1612612800000,40199.52000000,40343.52000000,39973.79000000,40050.00000000,1294.67484400,1612613699999,52016142.99569056,26711,588.19758300,23638658.97380588,0
1612613700000,40050.00000000,40333.82000000,40049.99000000,40304.81000000,807.69923600,1612614599999,32452962.42061943,18317,477.37852700,19181936.28475709,0
1612614600000,40306.31000000,40445.55000000,40255.10000000,40275.77000000,736.58109900,1612615499999,29714663.54573788,18380,390.52518100,15756127.88836319,0
1612615500000,40273.76000000,40273.76000000,39836.72000000,39902.49000000,1459.34303000,1612616399999,58473906.36896775,29238,705.69962600,28279024.07374526,0
1612616400000,39902.50000000,40142.11000000,39900.00000000,40080.50000000,1021.45933600,1612617299999,40883606.25508095,23184,554.10444800,22175751.21936629,0
1612617300000,40080.51000000,40255.08000000,39979.24000000,40209.59000000,774.48415200,1612618199999,31076664.18669702,21951,394.78220400,15840575.64480446,0
1612618200000,40209.59000000,40246.56000000,40100.00000000,40185.14000000,623.52344700,1612619099999,25061095.87377025,17675,267.11816700,10736682.19919289,0
1612619100000,40185.14000000,40232.81000000,40090.00000000,40130.47000000,495.37026900,1612619999999,19882864.91265598,16639,234.01687900,9393121.45552231,0
1612620000000,40127.07000000,40338.97000000,40125.30000000,40281.61000000,854.63961900,1612620899999,34407540.37677128,19663,435.95930400,17548551.96160187,0
1612620900000,40283.07000000,40470.00000000,40275.43000000,40305.31000000,848.15334100,1612621799999,34233266.14233224,24710,449.67082800,18149412.74859218,0
1612621800000,40306.43000000,40574.85000000,40256.50000000,40494.77000000,1047.68355700,1612622699999,42378696.24626892,27450,618.71336000,25030122.96169330,0
1612622700000,40494.76000000,40522.66000000,40233.36000000,40268.44000000,758.19819400,1612623599999,30576358.30137473,21736,370.85308900,14954747.91072031,0
1612623600000,40268.44000000,40479.30000000,40134.80000000,40442.38000000,989.13755000,1612624499999,39867584.64634488,25850,548.03784100,22093022.11027665,0
1612624500000,40442.39000000,40571.42000000,40411.63000000,40459.89000000,1033.80797300,1612625399999,41869562.10775343,28051,530.63504500,21489988.83356566,0
1612625400000,40454.50000000,40710.61000000,40386.62000000,40606.83000000,1333.09934700,1612626299999,54109575.53975580,34094,772.51278200,31363750.62829393,0
1612626300000,40606.84000000,40866.66000000,40536.13000000,40864.73000000,1494.37046800,1612627199999,60891677.61284154,37089,784.45033000,31966040.98250851,0
1612627200000,40865.12000000,40955.51000000,40670.00000000,40750.27000000,1884.33445000,1612628099999,76937796.22815853,34732,1012.18212400,41330362.60810424,0
1612628100000,40750.28000000,40760.00000000,40550.00000000,40688.19000000,940.48094300,1612628999999,38251588.69083339,21850,445.06556400,18101949.76102773,0
1612629000000,40688.19000000,40761.55000000,40530.61000000,40607.07000000,923.98453100,1612629899999,37546661.40896621,19952,474.34886000,19272021.29011051,0
1612629900000,40607.07000000,40634.00000000,40480.29000000,40506.47000000,411.83623400,1612630799999,16694871.62318410,10089,194.85222400,7899405.26379348,0
